OP CODE,OP TYPE,GLOBAL CALL COUNT,DEVICE ID,ATTRIBUTES,MATH FIDELITY,CORE COUNT,PARALLELIZATION STRATEGY,HOST START TS,HOST END TS,HOST DURATION [ns],DEVICE FW START CYCLE,DEVICE FW END CYCLE,OP TO OP LATENCY [ns],DEVICE FW DURATION [ns],DEVICE KERNEL DURATION [ns],DEVICE BRISC KERNEL DURATION [ns],DEVICE NCRISC KERNEL DURATION [ns],DEVICE TRISC0 KERNEL DURATION [ns],DEVICE TRISC1 KERNEL DURATION [ns],DEVICE TRISC2 KERNEL DURATION [ns],DEVICE ERISC KERNEL DURATION [ns],DEVICE COMPUTE CB WAIT FRONT [ns],DEVICE COMPUTE CB RESERVE BACK [ns],INPUT_0_W,INPUT_0_Z,INPUT_0_Y,INPUT_0_X,INPUT_0_LAYOUT,INPUT_0_DATATYPE,INPUT_0_MEMORY,INPUT_1_W,INPUT_1_Z,INPUT_1_Y,INPUT_1_X,INPUT_1_LAYOUT,INPUT_1_DATATYPE,INPUT_1_MEMORY,OUTPUT_0_W,OUTPUT_0_Z,OUTPUT_0_Y,OUTPUT_0_X,OUTPUT_0_LAYOUT,OUTPUT_0_DATATYPE,OUTPUT_0_MEMORY,METAL TRACE ID,METAL TRACE REPLAY SESSION ID,COMPUTE KERNEL PATH,COMPUTE KERNEL SOURCE,COMPUTE KERNEL HASH,DATA MOVEMENT KERNEL SOURCE,DATA MOVEMENT KERNEL HASH,PM IDEAL [ns],PM COMPUTE [ns],PM BANDWIDTH [ns],PM REQ I BW,PM REQ O BW,CompileProgram_TT_HOST_FUNC [ns],HWCommandQueue_write_buffer_TT_HOST_FUNC [ns]
BinaryDeviceOperation,tt_dnn_device,0,0,{'activations': 'std::nullopt'; 'binary_op_type': 'BinaryOpType::ADD'; 'compute_kernel_config': 'std::nullopt'; 'dtype': 'DataType::BFLOAT16'; 'input_tensor_a_activation': 'std::nullopt'; 'memory_config': 'MemoryConfig(memory_layout=TensorMemoryLayout::HEIGHT_SHARDED;buffer_type=BufferType::L1;shard_spec=ShardSpec(grid={[(x=0;y=0) - (x=1;y=7)]};shape={128; 2048};orientation=ShardOrientation::ROW_MAJOR;halo=0;mode=ShardMode::PHYSICAL;physical_shard_shape=std::nullopt))'; 'scalar': 'std::nullopt'},HiFi4,64,,2997742345,3202251276,204508931,15215946897639,15215947086475,0,188836,188263,187938,186852,187559,187450,187893,,,,1,1,2048,2048,TILE,BFLOAT16,DEV_0_L1_INTERLEAVED,1,1,2048,2048,TILE,BFLOAT16,DEV_0_L1_INTERLEAVED,1,1,2048,2048,TILE,BFLOAT16,DEV_0_L1_HEIGHT_SHARDED,,,,['ttnn/cpp/ttnn/operations/eltwise/binary/device/kernels/compute/eltwise_binary_kernel.cpp'],['eltwise_binary_kernel/260400332086407948/'],['ttnn/cpp/ttnn/operations/eltwise/binary/device/kernels/dataflow/reader_binary_interleaved_start_id.cpp'; 'ttnn/cpp/ttnn/operations/eltwise/unary/device/kernels/dataflow/writer_unary_interleaved_start_id.cpp'],['reader_binary_interleaved_start_id/7102356031933761011/'; 'writer_unary_interleaved_start_id/3580762451362578065/'],1941,1941,1,[4321.796875; 4321.796875],[4321.796875],201756766,1126500
BinaryDeviceOperation,tt_dnn_device,1,0,{'activations': 'std::nullopt'; 'binary_op_type': 'BinaryOpType::ADD'; 'compute_kernel_config': 'std::nullopt'; 'dtype': 'DataType::BFLOAT16'; 'input_tensor_a_activation': 'std::nullopt'; 'memory_config': 'MemoryConfig(memory_layout=TensorMemoryLayout::HEIGHT_SHARDED;buffer_type=BufferType::L1;shard_spec=ShardSpec(grid={[(x=1;y=0) - (x=2;y=7)]};shape={128; 2048};orientation=ShardOrientation::ROW_MAJOR;halo=0;mode=ShardMode::PHYSICAL;physical_shard_shape=std::nullopt))'; 'scalar': 'std::nullopt'},HiFi4,64,,3788679067,3791506414,2827347,15216527678066,15216527842909,580591591,164843,164260,163931,162878,163554,163463,163894,,,,1,1,2048,2048,TILE,BFLOAT16,DEV_0_L1_INTERLEAVED,1,1,2048,2048,TILE,BFLOAT16,DEV_0_L1_INTERLEAVED,1,1,2048,2048,TILE,BFLOAT16,DEV_0_L1_HEIGHT_SHARDED,,,,['ttnn/cpp/ttnn/operations/eltwise/binary/device/kernels/compute/eltwise_binary_kernel.cpp'],['eltwise_binary_kernel/260400332086407948/'],['ttnn/cpp/ttnn/operations/eltwise/binary/device/kernels/dataflow/reader_binary_interleaved_start_id.cpp'; 'ttnn/cpp/ttnn/operations/eltwise/unary/device/kernels/dataflow/writer_unary_interleaved_start_id.cpp'],['reader_binary_interleaved_start_id/7102356031933761011/'; 'writer_unary_interleaved_start_id/3580762451362578065/'],1941,1941,1,[4321.796875; 4321.796875],[4321.796875],337893,1104379
BinaryDeviceOperation,tt_dnn_device,2,0,{'activations': 'std::nullopt'; 'binary_op_type': 'BinaryOpType::ADD'; 'compute_kernel_config': 'std::nullopt'; 'dtype': 'DataType::BFLOAT16'; 'input_tensor_a_activation': 'std::nullopt'; 'memory_config': 'MemoryConfig(memory_layout=TensorMemoryLayout::HEIGHT_SHARDED;buffer_type=BufferType::L1;shard_spec=ShardSpec(grid={[(x=2;y=0) - (x=3;y=7)]};shape={128; 2048};orientation=ShardOrientation::ROW_MAJOR;halo=0;mode=ShardMode::PHYSICAL;physical_shard_shape=std::nullopt))'; 'scalar': 'std::nullopt'},HiFi4,64,,4376106110,4378915944,2809834,15217106588684,15217106741164,578745775,152480,151905,151553,150473,151170,151089,151520,,,,1,1,2048,2048,TILE,BFLOAT16,DEV_0_L1_INTERLEAVED,1,1,2048,2048,TILE,BFLOAT16,DEV_0_L1_INTERLEAVED,1,1,2048,2048,TILE,BFLOAT16,DEV_0_L1_HEIGHT_SHARDED,,,,['ttnn/cpp/ttnn/operations/eltwise/binary/device/kernels/compute/eltwise_binary_kernel.cpp'],['eltwise_binary_kernel/260400332086407948/'],['ttnn/cpp/ttnn/operations/eltwise/binary/device/kernels/dataflow/reader_binary_interleaved_start_id.cpp'; 'ttnn/cpp/ttnn/operations/eltwise/unary/device/kernels/dataflow/writer_unary_interleaved_start_id.cpp'],['reader_binary_interleaved_start_id/7102356031933761011/'; 'writer_unary_interleaved_start_id/3580762451362578065/'],1941,1941,1,[4321.796875; 4321.796875],[4321.796875],329006,1127002
BinaryDeviceOperation,tt_dnn_device,3,0,{'activations': 'std::nullopt'; 'binary_op_type': 'BinaryOpType::ADD'; 'compute_kernel_config': 'std::nullopt'; 'dtype': 'DataType::BFLOAT16'; 'input_tensor_a_activation': 'std::nullopt'; 'memory_config': 'MemoryConfig(memory_layout=TensorMemoryLayout::HEIGHT_SHARDED;buffer_type=BufferType::L1;shard_spec=ShardSpec(grid={[(x=3;y=0) - (x=4;y=7)]};shape={128; 2048};orientation=ShardOrientation::ROW_MAJOR;halo=0;mode=ShardMode::PHYSICAL;physical_shard_shape=std::nullopt))'; 'scalar': 'std::nullopt'},HiFi4,64,,4967777915,4970785158,3007243,15217689796835,15217689945850,583055671,149015,148440,148101,147016,147722,147631,148054,,,,1,1,2048,2048,TILE,BFLOAT16,DEV_0_L1_INTERLEAVED,1,1,2048,2048,TILE,BFLOAT16,DEV_0_L1_INTERLEAVED,1,1,2048,2048,TILE,BFLOAT16,DEV_0_L1_HEIGHT_SHARDED,,,,['ttnn/cpp/ttnn/operations/eltwise/binary/device/kernels/compute/eltwise_binary_kernel.cpp'],['eltwise_binary_kernel/260400332086407948/'],['ttnn/cpp/ttnn/operations/eltwise/binary/device/kernels/dataflow/reader_binary_interleaved_start_id.cpp'; 'ttnn/cpp/ttnn/operations/eltwise/unary/device/kernels/dataflow/writer_unary_interleaved_start_id.cpp'],['reader_binary_interleaved_start_id/7102356031933761011/'; 'writer_unary_interleaved_start_id/3580762451362578065/'],1941,1941,1,[4321.796875; 4321.796875],[4321.796875],337673,1117765
BinaryDeviceOperation,tt_dnn_device,4,0,{'activations': 'std::nullopt'; 'binary_op_type': 'BinaryOpType::ADD'; 'compute_kernel_config': 'std::nullopt'; 'dtype': 'DataType::BFLOAT16'; 'input_tensor_a_activation': 'std::nullopt'; 'memory_config': 'MemoryConfig(memory_layout=TensorMemoryLayout::HEIGHT_SHARDED;buffer_type=BufferType::L1;shard_spec=ShardSpec(grid={[(x=4;y=0) - (x=5;y=7)]};shape={128; 2048};orientation=ShardOrientation::ROW_MAJOR;halo=0;mode=ShardMode::PHYSICAL;physical_shard_shape=std::nullopt))'; 'scalar': 'std::nullopt'},HiFi4,64,,5558874902,5561826531,2951629,15218272312377,15218272457305,582366527,144928,144348,144019,142924,143622,143520,143960,,,,1,1,2048,2048,TILE,BFLOAT16,DEV_0_L1_INTERLEAVED,1,1,2048,2048,TILE,BFLOAT16,DEV_0_L1_INTERLEAVED,1,1,2048,2048,TILE,BFLOAT16,DEV_0_L1_HEIGHT_SHARDED,,,,['ttnn/cpp/ttnn/operations/eltwise/binary/device/kernels/compute/eltwise_binary_kernel.cpp'],['eltwise_binary_kernel/260400332086407948/'],['ttnn/cpp/ttnn/operations/eltwise/binary/device/kernels/dataflow/reader_binary_interleaved_start_id.cpp'; 'ttnn/cpp/ttnn/operations/eltwise/unary/device/kernels/dataflow/writer_unary_interleaved_start_id.cpp'],['reader_binary_interleaved_start_id/7102356031933761011/'; 'writer_unary_interleaved_start_id/3580762451362578065/'],1941,1941,1,[4321.796875; 4321.796875],[4321.796875],218940,1125960
BinaryDeviceOperation,tt_dnn_device,5,0,{'activations': 'std::nullopt'; 'binary_op_type': 'BinaryOpType::ADD'; 'compute_kernel_config': 'std::nullopt'; 'dtype': 'DataType::BFLOAT16'; 'input_tensor_a_activation': 'std::nullopt'; 'memory_config': 'MemoryConfig(memory_layout=TensorMemoryLayout::HEIGHT_SHARDED;buffer_type=BufferType::L1;shard_spec=ShardSpec(grid={[(x=5;y=0) - (x=6;y=7)]};shape={128; 2048};orientation=ShardOrientation::ROW_MAJOR;halo=0;mode=ShardMode::PHYSICAL;physical_shard_shape=std::nullopt))'; 'scalar': 'std::nullopt'},HiFi4,64,,6150236486,6152963704,2727218,15218854910556,15218855052781,582453251,142225,141646,141306,140218,140919,140827,141262,,,,1,1,2048,2048,TILE,BFLOAT16,DEV_0_L1_INTERLEAVED,1,1,2048,2048,TILE,BFLOAT16,DEV_0_L1_INTERLEAVED,1,1,2048,2048,TILE,BFLOAT16,DEV_0_L1_HEIGHT_SHARDED,,,,['ttnn/cpp/ttnn/operations/eltwise/binary/device/kernels/compute/eltwise_binary_kernel.cpp'],['eltwise_binary_kernel/260400332086407948/'],['ttnn/cpp/ttnn/operations/eltwise/binary/device/kernels/dataflow/reader_binary_interleaved_start_id.cpp'; 'ttnn/cpp/ttnn/operations/eltwise/unary/device/kernels/dataflow/writer_unary_interleaved_start_id.cpp'],['reader_binary_interleaved_start_id/7102356031933761011/'; 'writer_unary_interleaved_start_id/3580762451362578065/'],1941,1941,1,[4321.796875; 4321.796875],[4321.796875],326421,1131780
BinaryDeviceOperation,tt_dnn_device,6,0,{'activations': 'std::nullopt'; 'binary_op_type': 'BinaryOpType::ADD'; 'compute_kernel_config': 'std::nullopt'; 'dtype': 'DataType::BFLOAT16'; 'input_tensor_a_activation': 'std::nullopt'; 'memory_config': 'MemoryConfig(memory_layout=TensorMemoryLayout::HEIGHT_SHARDED;buffer_type=BufferType::L1;shard_spec=ShardSpec(grid={[(x=6;y=0) - (x=7;y=7)]};shape={128; 2048};orientation=ShardOrientation::ROW_MAJOR;halo=0;mode=ShardMode::PHYSICAL;physical_shard_shape=std::nullopt))'; 'scalar': 'std::nullopt'},HiFi4,64,,6743495984,6746022407,2526423,15219439366887,15219439507909,584314106,141022,140440,140113,139039,139711,139624,140057,,,,1,1,2048,2048,TILE,BFLOAT16,DEV_0_L1_INTERLEAVED,1,1,2048,2048,TILE,BFLOAT16,DEV_0_L1_INTERLEAVED,1,1,2048,2048,TILE,BFLOAT16,DEV_0_L1_HEIGHT_SHARDED,,,,['ttnn/cpp/ttnn/operations/eltwise/binary/device/kernels/compute/eltwise_binary_kernel.cpp'],['eltwise_binary_kernel/260400332086407948/'],['ttnn/cpp/ttnn/operations/eltwise/binary/device/kernels/dataflow/reader_binary_interleaved_start_id.cpp'; 'ttnn/cpp/ttnn/operations/eltwise/unary/device/kernels/dataflow/writer_unary_interleaved_start_id.cpp'],['reader_binary_interleaved_start_id/7102356031933761011/'; 'writer_unary_interleaved_start_id/3580762451362578065/'],1941,1941,1,[4321.796875; 4321.796875],[4321.796875],188784,1141850
BinaryDeviceOperation,tt_dnn_device,7,0,{'activations': 'std::nullopt'; 'binary_op_type': 'BinaryOpType::ADD'; 'compute_kernel_config': 'std::nullopt'; 'dtype': 'DataType::BFLOAT16'; 'input_tensor_a_activation': 'std::nullopt'; 'memory_config': 'MemoryConfig(memory_layout=TensorMemoryLayout::HEIGHT_SHARDED;buffer_type=BufferType::L1;shard_spec=ShardSpec(grid={[(x=0;y=0) - (x=7;y=1)]};shape={128; 2048};orientation=ShardOrientation::ROW_MAJOR;halo=0;mode=ShardMode::PHYSICAL;physical_shard_shape=std::nullopt))'; 'scalar': 'std::nullopt'},HiFi4,64,,7336993589,7339940639,2947050,15220024603810,15220024745768,585095901,141958,141378,141056,139950,140643,140550,141010,,,,1,1,2048,2048,TILE,BFLOAT16,DEV_0_L1_INTERLEAVED,1,1,2048,2048,TILE,BFLOAT16,DEV_0_L1_INTERLEAVED,1,1,2048,2048,TILE,BFLOAT16,DEV_0_L1_HEIGHT_SHARDED,,,,['ttnn/cpp/ttnn/operations/eltwise/binary/device/kernels/compute/eltwise_binary_kernel.cpp'],['eltwise_binary_kernel/260400332086407948/'],['ttnn/cpp/ttnn/operations/eltwise/binary/device/kernels/dataflow/reader_binary_interleaved_start_id.cpp'; 'ttnn/cpp/ttnn/operations/eltwise/unary/device/kernels/dataflow/writer_unary_interleaved_start_id.cpp'],['reader_binary_interleaved_start_id/7102356031933761011/'; 'writer_unary_interleaved_start_id/3580762451362578065/'],1941,1941,1,[4321.796875; 4321.796875],[4321.796875],282309,1179398
BinaryDeviceOperation,tt_dnn_device,8,0,{'activations': 'std::nullopt'; 'binary_op_type': 'BinaryOpType::ADD'; 'compute_kernel_config': 'std::nullopt'; 'dtype': 'DataType::BFLOAT16'; 'input_tensor_a_activation': 'std::nullopt'; 'memory_config': 'MemoryConfig(memory_layout=TensorMemoryLayout::HEIGHT_SHARDED;buffer_type=BufferType::L1;shard_spec=ShardSpec(grid={[(x=0;y=1) - (x=7;y=2)]};shape={128; 2048};orientation=ShardOrientation::ROW_MAJOR;halo=0;mode=ShardMode::PHYSICAL;physical_shard_shape=std::nullopt))'; 'scalar': 'std::nullopt'},HiFi4,64,,7930609475,7933391626,2782151,15220609483647,15220609623014,584737879,139367,138787,138452,137375,138066,137971,138409,,,,1,1,2048,2048,TILE,BFLOAT16,DEV_0_L1_INTERLEAVED,1,1,2048,2048,TILE,BFLOAT16,DEV_0_L1_INTERLEAVED,1,1,2048,2048,TILE,BFLOAT16,DEV_0_L1_HEIGHT_SHARDED,,,,['ttnn/cpp/ttnn/operations/eltwise/binary/device/kernels/compute/eltwise_binary_kernel.cpp'],['eltwise_binary_kernel/260400332086407948/'],['ttnn/cpp/ttnn/operations/eltwise/binary/device/kernels/dataflow/reader_binary_interleaved_start_id.cpp'; 'ttnn/cpp/ttnn/operations/eltwise/unary/device/kernels/dataflow/writer_unary_interleaved_start_id.cpp'],['reader_binary_interleaved_start_id/7102356031933761011/'; 'writer_unary_interleaved_start_id/3580762451362578065/'],1941,1941,1,[4321.796875; 4321.796875],[4321.796875],373860,1163380
BinaryDeviceOperation,tt_dnn_device,9,0,{'activations': 'std::nullopt'; 'binary_op_type': 'BinaryOpType::ADD'; 'compute_kernel_config': 'std::nullopt'; 'dtype': 'DataType::BFLOAT16'; 'input_tensor_a_activation': 'std::nullopt'; 'memory_config': 'MemoryConfig(memory_layout=TensorMemoryLayout::HEIGHT_SHARDED;buffer_type=BufferType::L1;shard_spec=ShardSpec(grid={[(x=0;y=2) - (x=7;y=3)]};shape={128; 2048};orientation=ShardOrientation::ROW_MAJOR;halo=0;mode=ShardMode::PHYSICAL;physical_shard_shape=std::nullopt))'; 'scalar': 'std::nullopt'},HiFi4,64,,8524042608,8526680199,2637591,15221194161240,15221194302176,584538226,140936,140354,140019,138934,139628,139535,139968,,,,1,1,2048,2048,TILE,BFLOAT16,DEV_0_L1_INTERLEAVED,1,1,2048,2048,TILE,BFLOAT16,DEV_0_L1_INTERLEAVED,1,1,2048,2048,TILE,BFLOAT16,DEV_0_L1_HEIGHT_SHARDED,,,,['ttnn/cpp/ttnn/operations/eltwise/binary/device/kernels/compute/eltwise_binary_kernel.cpp'],['eltwise_binary_kernel/260400332086407948/'],['ttnn/cpp/ttnn/operations/eltwise/binary/device/kernels/dataflow/reader_binary_interleaved_start_id.cpp'; 'ttnn/cpp/ttnn/operations/eltwise/unary/device/kernels/dataflow/writer_unary_interleaved_start_id.cpp'],['reader_binary_interleaved_start_id/7102356031933761011/'; 'writer_unary_interleaved_start_id/3580762451362578065/'],1941,1941,1,[4321.796875; 4321.796875],[4321.796875],255849,1126551
BinaryDeviceOperation,tt_dnn_device,10,0,{'activations': 'std::nullopt'; 'binary_op_type': 'BinaryOpType::ADD'; 'compute_kernel_config': 'std::nullopt'; 'dtype': 'DataType::BFLOAT16'; 'input_tensor_a_activation': 'std::nullopt'; 'memory_config': 'MemoryConfig(memory_layout=TensorMemoryLayout::HEIGHT_SHARDED;buffer_type=BufferType::L1;shard_spec=ShardSpec(grid={[(x=0;y=3) - (x=7;y=4)]};shape={128; 2048};orientation=ShardOrientation::ROW_MAJOR;halo=0;mode=ShardMode::PHYSICAL;physical_shard_shape=std::nullopt))'; 'scalar': 'std::nullopt'},HiFi4,64,,9116767846,9119517166,2749320,15221778415444,15221778554650,584113268,139206,138623,138292,137195,137892,137792,138245,,,,1,1,2048,2048,TILE,BFLOAT16,DEV_0_L1_INTERLEAVED,1,1,2048,2048,TILE,BFLOAT16,DEV_0_L1_INTERLEAVED,1,1,2048,2048,TILE,BFLOAT16,DEV_0_L1_HEIGHT_SHARDED,,,,['ttnn/cpp/ttnn/operations/eltwise/binary/device/kernels/compute/eltwise_binary_kernel.cpp'],['eltwise_binary_kernel/260400332086407948/'],['ttnn/cpp/ttnn/operations/eltwise/binary/device/kernels/dataflow/reader_binary_interleaved_start_id.cpp'; 'ttnn/cpp/ttnn/operations/eltwise/unary/device/kernels/dataflow/writer_unary_interleaved_start_id.cpp'],['reader_binary_interleaved_start_id/7102356031933761011/'; 'writer_unary_interleaved_start_id/3580762451362578065/'],1941,1941,1,[4321.796875; 4321.796875],[4321.796875],322284,1193447
BinaryDeviceOperation,tt_dnn_device,11,0,{'activations': 'std::nullopt'; 'binary_op_type': 'BinaryOpType::ADD'; 'compute_kernel_config': 'std::nullopt'; 'dtype': 'DataType::BFLOAT16'; 'input_tensor_a_activation': 'std::nullopt'; 'memory_config': 'MemoryConfig(memory_layout=TensorMemoryLayout::HEIGHT_SHARDED;buffer_type=BufferType::L1;shard_spec=ShardSpec(grid={[(x=0;y=4) - (x=7;y=5)]};shape={128; 2048};orientation=ShardOrientation::ROW_MAJOR;halo=0;mode=ShardMode::PHYSICAL;physical_shard_shape=std::nullopt))'; 'scalar': 'std::nullopt'},HiFi4,64,,9708995872,9712033502,3037630,15222362250351,15222362390425,583695701,140074,139492,139165,138095,138791,138694,139126,,,,1,1,2048,2048,TILE,BFLOAT16,DEV_0_L1_INTERLEAVED,1,1,2048,2048,TILE,BFLOAT16,DEV_0_L1_INTERLEAVED,1,1,2048,2048,TILE,BFLOAT16,DEV_0_L1_HEIGHT_SHARDED,,,,['ttnn/cpp/ttnn/operations/eltwise/binary/device/kernels/compute/eltwise_binary_kernel.cpp'],['eltwise_binary_kernel/260400332086407948/'],['ttnn/cpp/ttnn/operations/eltwise/binary/device/kernels/dataflow/reader_binary_interleaved_start_id.cpp'; 'ttnn/cpp/ttnn/operations/eltwise/unary/device/kernels/dataflow/writer_unary_interleaved_start_id.cpp'],['reader_binary_interleaved_start_id/7102356031933761011/'; 'writer_unary_interleaved_start_id/3580762451362578065/'],1941,1941,1,[4321.796875; 4321.796875],[4321.796875],338904,1125318
BinaryDeviceOperation,tt_dnn_device,12,0,{'activations': 'std::nullopt'; 'binary_op_type': 'BinaryOpType::ADD'; 'compute_kernel_config': 'std::nullopt'; 'dtype': 'DataType::BFLOAT16'; 'input_tensor_a_activation': 'std::nullopt'; 'memory_config': 'MemoryConfig(memory_layout=TensorMemoryLayout::HEIGHT_SHARDED;buffer_type=BufferType::L1;shard_spec=ShardSpec(grid={[(x=0;y=5) - (x=7;y=6)]};shape={128; 2048};orientation=ShardOrientation::ROW_MAJOR;halo=0;mode=ShardMode::PHYSICAL;physical_shard_shape=std::nullopt))'; 'scalar': 'std::nullopt'},HiFi4,64,,10294936922,10297699447,2762525,15222939477548,15222939617830,577087123,140282,139696,139368,138263,138967,138858,139312,,,,1,1,2048,2048,TILE,BFLOAT16,DEV_0_L1_INTERLEAVED,1,1,2048,2048,TILE,BFLOAT16,DEV_0_L1_INTERLEAVED,1,1,2048,2048,TILE,BFLOAT16,DEV_0_L1_HEIGHT_SHARDED,,,,['ttnn/cpp/ttnn/operations/eltwise/binary/device/kernels/compute/eltwise_binary_kernel.cpp'],['eltwise_binary_kernel/260400332086407948/'],['ttnn/cpp/ttnn/operations/eltwise/binary/device/kernels/dataflow/reader_binary_interleaved_start_id.cpp'; 'ttnn/cpp/ttnn/operations/eltwise/unary/device/kernels/dataflow/writer_unary_interleaved_start_id.cpp'],['reader_binary_interleaved_start_id/7102356031933761011/'; 'writer_unary_interleaved_start_id/3580762451362578065/'],1941,1941,1,[4321.796875; 4321.796875],[4321.796875],335609,1122712
BinaryDeviceOperation,tt_dnn_device,13,0,{'activations': 'std::nullopt'; 'binary_op_type': 'BinaryOpType::ADD'; 'compute_kernel_config': 'std::nullopt'; 'dtype': 'DataType::BFLOAT16'; 'input_tensor_a_activation': 'std::nullopt'; 'memory_config': 'MemoryConfig(memory_layout=TensorMemoryLayout::HEIGHT_SHARDED;buffer_type=BufferType::L1;shard_spec=ShardSpec(grid={[(x=0;y=6) - (x=7;y=7)]};shape={128; 2048};orientation=ShardOrientation::ROW_MAJOR;halo=0;mode=ShardMode::PHYSICAL;physical_shard_shape=std::nullopt))'; 'scalar': 'std::nullopt'},HiFi4,64,,10881277289,10883873893,2596604,15223517219830,15223517359481,577602000,139651,139075,138744,137672,138365,138271,138703,,,,1,1,2048,2048,TILE,BFLOAT16,DEV_0_L1_INTERLEAVED,1,1,2048,2048,TILE,BFLOAT16,DEV_0_L1_INTERLEAVED,1,1,2048,2048,TILE,BFLOAT16,DEV_0_L1_HEIGHT_SHARDED,,,,['ttnn/cpp/ttnn/operations/eltwise/binary/device/kernels/compute/eltwise_binary_kernel.cpp'],['eltwise_binary_kernel/260400332086407948/'],['ttnn/cpp/ttnn/operations/eltwise/binary/device/kernels/dataflow/reader_binary_interleaved_start_id.cpp'; 'ttnn/cpp/ttnn/operations/eltwise/unary/device/kernels/dataflow/writer_unary_interleaved_start_id.cpp'],['reader_binary_interleaved_start_id/7102356031933761011/'; 'writer_unary_interleaved_start_id/3580762451362578065/'],1941,1941,1,[4321.796875; 4321.796875],[4321.796875],199354,1134455
BinaryDeviceOperation,tt_dnn_device,14,0,{'activations': 'std::nullopt'; 'binary_op_type': 'BinaryOpType::ADD'; 'compute_kernel_config': 'std::nullopt'; 'dtype': 'DataType::BFLOAT16'; 'input_tensor_a_activation': 'std::nullopt'; 'memory_config': 'MemoryConfig(memory_layout=TensorMemoryLayout::HEIGHT_SHARDED;buffer_type=BufferType::L1;shard_spec=ShardSpec(grid={[(x=0;y=0) - (x=3;y=3)]};shape={128; 2048};orientation=ShardOrientation::ROW_MAJOR;halo=0;mode=ShardMode::PHYSICAL;physical_shard_shape=std::nullopt))'; 'scalar': 'std::nullopt'},HiFi4,64,,11467092863,11470123931,3031068,15224094871156,15224095023502,577511675,152346,151768,151431,150360,151054,150962,151404,,,,1,1,2048,2048,TILE,BFLOAT16,DEV_0_L1_INTERLEAVED,1,1,2048,2048,TILE,BFLOAT16,DEV_0_L1_INTERLEAVED,1,1,2048,2048,TILE,BFLOAT16,DEV_0_L1_HEIGHT_SHARDED,,,,['ttnn/cpp/ttnn/operations/eltwise/binary/device/kernels/compute/eltwise_binary_kernel.cpp'],['eltwise_binary_kernel/260400332086407948/'],['ttnn/cpp/ttnn/operations/eltwise/binary/device/kernels/dataflow/reader_binary_interleaved_start_id.cpp'; 'ttnn/cpp/ttnn/operations/eltwise/unary/device/kernels/dataflow/writer_unary_interleaved_start_id.cpp'],['reader_binary_interleaved_start_id/7102356031933761011/'; 'writer_unary_interleaved_start_id/3580762451362578065/'],1941,1941,1,[4321.796875; 4321.796875],[4321.796875],284373,1157969
BinaryDeviceOperation,tt_dnn_device,15,0,{'activations': 'std::nullopt'; 'binary_op_type': 'BinaryOpType::ADD'; 'compute_kernel_config': 'std::nullopt'; 'dtype': 'DataType::BFLOAT16'; 'input_tensor_a_activation': 'std::nullopt'; 'memory_config': 'MemoryConfig(memory_layout=TensorMemoryLayout::HEIGHT_SHARDED;buffer_type=BufferType::L1;shard_spec=ShardSpec(grid={[(x=0;y=1) - (x=3;y=4)]};shape={128; 2048};orientation=ShardOrientation::ROW_MAJOR;halo=0;mode=ShardMode::PHYSICAL;physical_shard_shape=std::nullopt))'; 'scalar': 'std::nullopt'},HiFi4,64,,12058246457,12060928020,2681563,15224677211380,15224677363892,582187878,152512,151930,151596,150528,151219,151122,151563,,,,1,1,2048,2048,TILE,BFLOAT16,DEV_0_L1_INTERLEAVED,1,1,2048,2048,TILE,BFLOAT16,DEV_0_L1_INTERLEAVED,1,1,2048,2048,TILE,BFLOAT16,DEV_0_L1_HEIGHT_SHARDED,,,,['ttnn/cpp/ttnn/operations/eltwise/binary/device/kernels/compute/eltwise_binary_kernel.cpp'],['eltwise_binary_kernel/260400332086407948/'],['ttnn/cpp/ttnn/operations/eltwise/binary/device/kernels/dataflow/reader_binary_interleaved_start_id.cpp'; 'ttnn/cpp/ttnn/operations/eltwise/unary/device/kernels/dataflow/writer_unary_interleaved_start_id.cpp'],['reader_binary_interleaved_start_id/7102356031933761011/'; 'writer_unary_interleaved_start_id/3580762451362578065/'],1941,1941,1,[4321.796875; 4321.796875],[4321.796875],305131,1118195
BinaryDeviceOperation,tt_dnn_device,16,0,{'activations': 'std::nullopt'; 'binary_op_type': 'BinaryOpType::ADD'; 'compute_kernel_config': 'std::nullopt'; 'dtype': 'DataType::BFLOAT16'; 'input_tensor_a_activation': 'std::nullopt'; 'memory_config': 'MemoryConfig(memory_layout=TensorMemoryLayout::HEIGHT_SHARDED;buffer_type=BufferType::L1;shard_spec=ShardSpec(grid={[(x=0;y=2) - (x=3;y=5)]};shape={128; 2048};orientation=ShardOrientation::ROW_MAJOR;halo=0;mode=ShardMode::PHYSICAL;physical_shard_shape=std::nullopt))'; 'scalar': 'std::nullopt'},HiFi4,64,,12649729237,12652414578,2685341,15225260022272,15225260174818,582658380,152546,151962,151636,150539,151237,151143,151580,,,,1,1,2048,2048,TILE,BFLOAT16,DEV_0_L1_INTERLEAVED,1,1,2048,2048,TILE,BFLOAT16,DEV_0_L1_INTERLEAVED,1,1,2048,2048,TILE,BFLOAT16,DEV_0_L1_HEIGHT_SHARDED,,,,['ttnn/cpp/ttnn/operations/eltwise/binary/device/kernels/compute/eltwise_binary_kernel.cpp'],['eltwise_binary_kernel/260400332086407948/'],['ttnn/cpp/ttnn/operations/eltwise/binary/device/kernels/dataflow/reader_binary_interleaved_start_id.cpp'; 'ttnn/cpp/ttnn/operations/eltwise/unary/device/kernels/dataflow/writer_unary_interleaved_start_id.cpp'],['reader_binary_interleaved_start_id/7102356031933761011/'; 'writer_unary_interleaved_start_id/3580762451362578065/'],1941,1941,1,[4321.796875; 4321.796875],[4321.796875],252283,1125529
BinaryDeviceOperation,tt_dnn_device,17,0,{'activations': 'std::nullopt'; 'binary_op_type': 'BinaryOpType::ADD'; 'compute_kernel_config': 'std::nullopt'; 'dtype': 'DataType::BFLOAT16'; 'input_tensor_a_activation': 'std::nullopt'; 'memory_config': 'MemoryConfig(memory_layout=TensorMemoryLayout::HEIGHT_SHARDED;buffer_type=BufferType::L1;shard_spec=ShardSpec(grid={[(x=0;y=3) - (x=3;y=6)]};shape={128; 2048};orientation=ShardOrientation::ROW_MAJOR;halo=0;mode=ShardMode::PHYSICAL;physical_shard_shape=std::nullopt))'; 'scalar': 'std::nullopt'},HiFi4,64,,13241558436,13244322123,2763687,15225843386693,15225843538959,583211875,152266,151683,151352,150260,150953,150856,151307,,,,1,1,2048,2048,TILE,BFLOAT16,DEV_0_L1_INTERLEAVED,1,1,2048,2048,TILE,BFLOAT16,DEV_0_L1_INTERLEAVED,1,1,2048,2048,TILE,BFLOAT16,DEV_0_L1_HEIGHT_SHARDED,,,,['ttnn/cpp/ttnn/operations/eltwise/binary/device/kernels/compute/eltwise_binary_kernel.cpp'],['eltwise_binary_kernel/260400332086407948/'],['ttnn/cpp/ttnn/operations/eltwise/binary/device/kernels/dataflow/reader_binary_interleaved_start_id.cpp'; 'ttnn/cpp/ttnn/operations/eltwise/unary/device/kernels/dataflow/writer_unary_interleaved_start_id.cpp'],['reader_binary_interleaved_start_id/7102356031933761011/'; 'writer_unary_interleaved_start_id/3580762451362578065/'],1941,1941,1,[4321.796875; 4321.796875],[4321.796875],312195,1137121
BinaryDeviceOperation,tt_dnn_device,18,0,{'activations': 'std::nullopt'; 'binary_op_type': 'BinaryOpType::ADD'; 'compute_kernel_config': 'std::nullopt'; 'dtype': 'DataType::BFLOAT16'; 'input_tensor_a_activation': 'std::nullopt'; 'memory_config': 'MemoryConfig(memory_layout=TensorMemoryLayout::HEIGHT_SHARDED;buffer_type=BufferType::L1;shard_spec=ShardSpec(grid={[(x=0;y=4) - (x=3;y=7)]};shape={128; 2048};orientation=ShardOrientation::ROW_MAJOR;halo=0;mode=ShardMode::PHYSICAL;physical_shard_shape=std::nullopt))'; 'scalar': 'std::nullopt'},HiFi4,64,,13834048423,13836727131,2678708,15226427243268,15226427394828,583704309,151560,150976,150639,149555,150257,150158,150593,,,,1,1,2048,2048,TILE,BFLOAT16,DEV_0_L1_INTERLEAVED,1,1,2048,2048,TILE,BFLOAT16,DEV_0_L1_INTERLEAVED,1,1,2048,2048,TILE,BFLOAT16,DEV_0_L1_HEIGHT_SHARDED,,,,['ttnn/cpp/ttnn/operations/eltwise/binary/device/kernels/compute/eltwise_binary_kernel.cpp'],['eltwise_binary_kernel/260400332086407948/'],['ttnn/cpp/ttnn/operations/eltwise/binary/device/kernels/dataflow/reader_binary_interleaved_start_id.cpp'; 'ttnn/cpp/ttnn/operations/eltwise/unary/device/kernels/dataflow/writer_unary_interleaved_start_id.cpp'],['reader_binary_interleaved_start_id/7102356031933761011/'; 'writer_unary_interleaved_start_id/3580762451362578065/'],1941,1941,1,[4321.796875; 4321.796875],[4321.796875],282208,1130398
BinaryDeviceOperation,tt_dnn_device,19,0,{'activations': 'std::nullopt'; 'binary_op_type': 'BinaryOpType::ADD'; 'compute_kernel_config': 'std::nullopt'; 'dtype': 'DataType::BFLOAT16'; 'input_tensor_a_activation': 'std::nullopt'; 'memory_config': 'MemoryConfig(memory_layout=TensorMemoryLayout::HEIGHT_SHARDED;buffer_type=BufferType::L1;shard_spec=ShardSpec(grid={[(x=1;y=0) - (x=4;y=3)]};shape={128; 2048};orientation=ShardOrientation::ROW_MAJOR;halo=0;mode=ShardMode::PHYSICAL;physical_shard_shape=std::nullopt))'; 'scalar': 'std::nullopt'},HiFi4,64,,14425953264,14428692516,2739252,15227010634386,15227010783585,583239558,149199,148618,148282,147216,147907,147821,148247,,,,1,1,2048,2048,TILE,BFLOAT16,DEV_0_L1_INTERLEAVED,1,1,2048,2048,TILE,BFLOAT16,DEV_0_L1_INTERLEAVED,1,1,2048,2048,TILE,BFLOAT16,DEV_0_L1_HEIGHT_SHARDED,,,,['ttnn/cpp/ttnn/operations/eltwise/binary/device/kernels/compute/eltwise_binary_kernel.cpp'],['eltwise_binary_kernel/260400332086407948/'],['ttnn/cpp/ttnn/operations/eltwise/binary/device/kernels/dataflow/reader_binary_interleaved_start_id.cpp'; 'ttnn/cpp/ttnn/operations/eltwise/unary/device/kernels/dataflow/writer_unary_interleaved_start_id.cpp'],['reader_binary_interleaved_start_id/7102356031933761011/'; 'writer_unary_interleaved_start_id/3580762451362578065/'],1941,1941,1,[4321.796875; 4321.796875],[4321.796875],319538,1129937
BinaryDeviceOperation,tt_dnn_device,20,0,{'activations': 'std::nullopt'; 'binary_op_type': 'BinaryOpType::ADD'; 'compute_kernel_config': 'std::nullopt'; 'dtype': 'DataType::BFLOAT16'; 'input_tensor_a_activation': 'std::nullopt'; 'memory_config': 'MemoryConfig(memory_layout=TensorMemoryLayout::HEIGHT_SHARDED;buffer_type=BufferType::L1;shard_spec=ShardSpec(grid={[(x=1;y=1) - (x=4;y=4)]};shape={128; 2048};orientation=ShardOrientation::ROW_MAJOR;halo=0;mode=ShardMode::PHYSICAL;physical_shard_shape=std::nullopt))'; 'scalar': 'std::nullopt'},HiFi4,64,,15017463817,15020358770,2894953,15227593643715,15227593794111,582860130,150396,149813,149485,148403,149086,148997,149438,,,,1,1,2048,2048,TILE,BFLOAT16,DEV_0_L1_INTERLEAVED,1,1,2048,2048,TILE,BFLOAT16,DEV_0_L1_INTERLEAVED,1,1,2048,2048,TILE,BFLOAT16,DEV_0_L1_HEIGHT_SHARDED,,,,['ttnn/cpp/ttnn/operations/eltwise/binary/device/kernels/compute/eltwise_binary_kernel.cpp'],['eltwise_binary_kernel/260400332086407948/'],['ttnn/cpp/ttnn/operations/eltwise/binary/device/kernels/dataflow/reader_binary_interleaved_start_id.cpp'; 'ttnn/cpp/ttnn/operations/eltwise/unary/device/kernels/dataflow/writer_unary_interleaved_start_id.cpp'],['reader_binary_interleaved_start_id/7102356031933761011/'; 'writer_unary_interleaved_start_id/3580762451362578065/'],1941,1941,1,[4321.796875; 4321.796875],[4321.796875],254076,1118386
BinaryDeviceOperation,tt_dnn_device,21,0,{'activations': 'std::nullopt'; 'binary_op_type': 'BinaryOpType::ADD'; 'compute_kernel_config': 'std::nullopt'; 'dtype': 'DataType::BFLOAT16'; 'input_tensor_a_activation': 'std::nullopt'; 'memory_config': 'MemoryConfig(memory_layout=TensorMemoryLayout::HEIGHT_SHARDED;buffer_type=BufferType::L1;shard_spec=ShardSpec(grid={[(x=1;y=2) - (x=4;y=5)]};shape={128; 2048};orientation=ShardOrientation::ROW_MAJOR;halo=0;mode=ShardMode::PHYSICAL;physical_shard_shape=std::nullopt))'; 'scalar': 'std::nullopt'},HiFi4,64,,15611374625,15614124156,2749531,15228178849079,15228178998400,585054968,149321,148737,148399,147317,148015,147919,148365,,,,1,1,2048,2048,TILE,BFLOAT16,DEV_0_L1_INTERLEAVED,1,1,2048,2048,TILE,BFLOAT16,DEV_0_L1_INTERLEAVED,1,1,2048,2048,TILE,BFLOAT16,DEV_0_L1_HEIGHT_SHARDED,,,,['ttnn/cpp/ttnn/operations/eltwise/binary/device/kernels/compute/eltwise_binary_kernel.cpp'],['eltwise_binary_kernel/260400332086407948/'],['ttnn/cpp/ttnn/operations/eltwise/binary/device/kernels/dataflow/reader_binary_interleaved_start_id.cpp'; 'ttnn/cpp/ttnn/operations/eltwise/unary/device/kernels/dataflow/writer_unary_interleaved_start_id.cpp'],['reader_binary_interleaved_start_id/7102356031933761011/'; 'writer_unary_interleaved_start_id/3580762451362578065/'],1941,1941,1,[4321.796875; 4321.796875],[4321.796875],255428,1336082
BinaryDeviceOperation,tt_dnn_device,22,0,{'activations': 'std::nullopt'; 'binary_op_type': 'BinaryOpType::ADD'; 'compute_kernel_config': 'std::nullopt'; 'dtype': 'DataType::BFLOAT16'; 'input_tensor_a_activation': 'std::nullopt'; 'memory_config': 'MemoryConfig(memory_layout=TensorMemoryLayout::HEIGHT_SHARDED;buffer_type=BufferType::L1;shard_spec=ShardSpec(grid={[(x=1;y=3) - (x=4;y=6)]};shape={128; 2048};orientation=ShardOrientation::ROW_MAJOR;halo=0;mode=ShardMode::PHYSICAL;physical_shard_shape=std::nullopt))'; 'scalar': 'std::nullopt'},HiFi4,64,,16205517599,16208279863,2762264,15228764373018,15228764522062,585374618,149044,148453,148123,147053,147742,147643,148083,,,,1,1,2048,2048,TILE,BFLOAT16,DEV_0_L1_INTERLEAVED,1,1,2048,2048,TILE,BFLOAT16,DEV_0_L1_INTERLEAVED,1,1,2048,2048,TILE,BFLOAT16,DEV_0_L1_HEIGHT_SHARDED,,,,['ttnn/cpp/ttnn/operations/eltwise/binary/device/kernels/compute/eltwise_binary_kernel.cpp'],['eltwise_binary_kernel/260400332086407948/'],['ttnn/cpp/ttnn/operations/eltwise/binary/device/kernels/dataflow/reader_binary_interleaved_start_id.cpp'; 'ttnn/cpp/ttnn/operations/eltwise/unary/device/kernels/dataflow/writer_unary_interleaved_start_id.cpp'],['reader_binary_interleaved_start_id/7102356031933761011/'; 'writer_unary_interleaved_start_id/3580762451362578065/'],1941,1941,1,[4321.796875; 4321.796875],[4321.796875],309850,1121260
BinaryDeviceOperation,tt_dnn_device,23,0,{'activations': 'std::nullopt'; 'binary_op_type': 'BinaryOpType::ADD'; 'compute_kernel_config': 'std::nullopt'; 'dtype': 'DataType::BFLOAT16'; 'input_tensor_a_activation': 'std::nullopt'; 'memory_config': 'MemoryConfig(memory_layout=TensorMemoryLayout::HEIGHT_SHARDED;buffer_type=BufferType::L1;shard_spec=ShardSpec(grid={[(x=1;y=4) - (x=4;y=7)]};shape={128; 2048};orientation=ShardOrientation::ROW_MAJOR;halo=0;mode=ShardMode::PHYSICAL;physical_shard_shape=std::nullopt))'; 'scalar': 'std::nullopt'},HiFi4,64,,16799229284,16802259130,3029846,15229349726699,15229349875243,585204637,148544,147960,147626,146535,147235,147140,147584,,,,1,1,2048,2048,TILE,BFLOAT16,DEV_0_L1_INTERLEAVED,1,1,2048,2048,TILE,BFLOAT16,DEV_0_L1_INTERLEAVED,1,1,2048,2048,TILE,BFLOAT16,DEV_0_L1_HEIGHT_SHARDED,,,,['ttnn/cpp/ttnn/operations/eltwise/binary/device/kernels/compute/eltwise_binary_kernel.cpp'],['eltwise_binary_kernel/260400332086407948/'],['ttnn/cpp/ttnn/operations/eltwise/binary/device/kernels/dataflow/reader_binary_interleaved_start_id.cpp'; 'ttnn/cpp/ttnn/operations/eltwise/unary/device/kernels/dataflow/writer_unary_interleaved_start_id.cpp'],['reader_binary_interleaved_start_id/7102356031933761011/'; 'writer_unary_interleaved_start_id/3580762451362578065/'],1941,1941,1,[4321.796875; 4321.796875],[4321.796875],232726,1181674
BinaryDeviceOperation,tt_dnn_device,24,0,{'activations': 'std::nullopt'; 'binary_op_type': 'BinaryOpType::ADD'; 'compute_kernel_config': 'std::nullopt'; 'dtype': 'DataType::BFLOAT16'; 'input_tensor_a_activation': 'std::nullopt'; 'memory_config': 'MemoryConfig(memory_layout=TensorMemoryLayout::HEIGHT_SHARDED;buffer_type=BufferType::L1;shard_spec=ShardSpec(grid={[(x=2;y=0) - (x=5;y=3)]};shape={128; 2048};orientation=ShardOrientation::ROW_MAJOR;halo=0;mode=ShardMode::PHYSICAL;physical_shard_shape=std::nullopt))'; 'scalar': 'std::nullopt'},HiFi4,64,,17390902251,17393678050,2775799,15229932589590,15229932733268,582714347,143678,143105,142766,141684,142392,142299,142721,,,,1,1,2048,2048,TILE,BFLOAT16,DEV_0_L1_INTERLEAVED,1,1,2048,2048,TILE,BFLOAT16,DEV_0_L1_INTERLEAVED,1,1,2048,2048,TILE,BFLOAT16,DEV_0_L1_HEIGHT_SHARDED,,,,['ttnn/cpp/ttnn/operations/eltwise/binary/device/kernels/compute/eltwise_binary_kernel.cpp'],['eltwise_binary_kernel/260400332086407948/'],['ttnn/cpp/ttnn/operations/eltwise/binary/device/kernels/dataflow/reader_binary_interleaved_start_id.cpp'; 'ttnn/cpp/ttnn/operations/eltwise/unary/device/kernels/dataflow/writer_unary_interleaved_start_id.cpp'],['reader_binary_interleaved_start_id/7102356031933761011/'; 'writer_unary_interleaved_start_id/3580762451362578065/'],1941,1941,1,[4321.796875; 4321.796875],[4321.796875],311333,1124356
BinaryDeviceOperation,tt_dnn_device,25,0,{'activations': 'std::nullopt'; 'binary_op_type': 'BinaryOpType::ADD'; 'compute_kernel_config': 'std::nullopt'; 'dtype': 'DataType::BFLOAT16'; 'input_tensor_a_activation': 'std::nullopt'; 'memory_config': 'MemoryConfig(memory_layout=TensorMemoryLayout::HEIGHT_SHARDED;buffer_type=BufferType::L1;shard_spec=ShardSpec(grid={[(x=2;y=1) - (x=5;y=4)]};shape={128; 2048};orientation=ShardOrientation::ROW_MAJOR;halo=0;mode=ShardMode::PHYSICAL;physical_shard_shape=std::nullopt))'; 'scalar': 'std::nullopt'},HiFi4,64,,17986144974,17989017926,2872952,15230519323440,15230519470068,586590172,146628,146049,145720,144642,145324,145232,145664,,,,1,1,2048,2048,TILE,BFLOAT16,DEV_0_L1_INTERLEAVED,1,1,2048,2048,TILE,BFLOAT16,DEV_0_L1_INTERLEAVED,1,1,2048,2048,TILE,BFLOAT16,DEV_0_L1_HEIGHT_SHARDED,,,,['ttnn/cpp/ttnn/operations/eltwise/binary/device/kernels/compute/eltwise_binary_kernel.cpp'],['eltwise_binary_kernel/260400332086407948/'],['ttnn/cpp/ttnn/operations/eltwise/binary/device/kernels/dataflow/reader_binary_interleaved_start_id.cpp'; 'ttnn/cpp/ttnn/operations/eltwise/unary/device/kernels/dataflow/writer_unary_interleaved_start_id.cpp'],['reader_binary_interleaved_start_id/7102356031933761011/'; 'writer_unary_interleaved_start_id/3580762451362578065/'],1941,1941,1,[4321.796875; 4321.796875],[4321.796875],345146,1134686
BinaryDeviceOperation,tt_dnn_device,26,0,{'activations': 'std::nullopt'; 'binary_op_type': 'BinaryOpType::ADD'; 'compute_kernel_config': 'std::nullopt'; 'dtype': 'DataType::BFLOAT16'; 'input_tensor_a_activation': 'std::nullopt'; 'memory_config': 'MemoryConfig(memory_layout=TensorMemoryLayout::HEIGHT_SHARDED;buffer_type=BufferType::L1;shard_spec=ShardSpec(grid={[(x=2;y=2) - (x=5;y=5)]};shape={128; 2048};orientation=ShardOrientation::ROW_MAJOR;halo=0;mode=ShardMode::PHYSICAL;physical_shard_shape=std::nullopt))'; 'scalar': 'std::nullopt'},HiFi4,64,,18572054394,18574746567,2692173,15231096574024,15231096720856,577103956,146832,146254,145916,144809,145512,145426,145859,,,,1,1,2048,2048,TILE,BFLOAT16,DEV_0_L1_INTERLEAVED,1,1,2048,2048,TILE,BFLOAT16,DEV_0_L1_INTERLEAVED,1,1,2048,2048,TILE,BFLOAT16,DEV_0_L1_HEIGHT_SHARDED,,,,['ttnn/cpp/ttnn/operations/eltwise/binary/device/kernels/compute/eltwise_binary_kernel.cpp'],['eltwise_binary_kernel/260400332086407948/'],['ttnn/cpp/ttnn/operations/eltwise/binary/device/kernels/dataflow/reader_binary_interleaved_start_id.cpp'; 'ttnn/cpp/ttnn/operations/eltwise/unary/device/kernels/dataflow/writer_unary_interleaved_start_id.cpp'],['reader_binary_interleaved_start_id/7102356031933761011/'; 'writer_unary_interleaved_start_id/3580762451362578065/'],1941,1941,1,[4321.796875; 4321.796875],[4321.796875],274604,1123074
BinaryDeviceOperation,tt_dnn_device,27,0,{'activations': 'std::nullopt'; 'binary_op_type': 'BinaryOpType::ADD'; 'compute_kernel_config': 'std::nullopt'; 'dtype': 'DataType::BFLOAT16'; 'input_tensor_a_activation': 'std::nullopt'; 'memory_config': 'MemoryConfig(memory_layout=TensorMemoryLayout::HEIGHT_SHARDED;buffer_type=BufferType::L1;shard_spec=ShardSpec(grid={[(x=2;y=3) - (x=5;y=6)]};shape={128; 2048};orientation=ShardOrientation::ROW_MAJOR;halo=0;mode=ShardMode::PHYSICAL;physical_shard_shape=std::nullopt))'; 'scalar': 'std::nullopt'},HiFi4,64,,19158867417,19161579447,2712030,15231674854846,15231674999793,578133990,144947,144365,144037,142980,143649,143568,144005,,,,1,1,2048,2048,TILE,BFLOAT16,DEV_0_L1_INTERLEAVED,1,1,2048,2048,TILE,BFLOAT16,DEV_0_L1_INTERLEAVED,1,1,2048,2048,TILE,BFLOAT16,DEV_0_L1_HEIGHT_SHARDED,,,,['ttnn/cpp/ttnn/operations/eltwise/binary/device/kernels/compute/eltwise_binary_kernel.cpp'],['eltwise_binary_kernel/260400332086407948/'],['ttnn/cpp/ttnn/operations/eltwise/binary/device/kernels/dataflow/reader_binary_interleaved_start_id.cpp'; 'ttnn/cpp/ttnn/operations/eltwise/unary/device/kernels/dataflow/writer_unary_interleaved_start_id.cpp'],['reader_binary_interleaved_start_id/7102356031933761011/'; 'writer_unary_interleaved_start_id/3580762451362578065/'],1941,1941,1,[4321.796875; 4321.796875],[4321.796875],312886,1111823
BinaryDeviceOperation,tt_dnn_device,28,0,{'activations': 'std::nullopt'; 'binary_op_type': 'BinaryOpType::ADD'; 'compute_kernel_config': 'std::nullopt'; 'dtype': 'DataType::BFLOAT16'; 'input_tensor_a_activation': 'std::nullopt'; 'memory_config': 'MemoryConfig(memory_layout=TensorMemoryLayout::HEIGHT_SHARDED;buffer_type=BufferType::L1;shard_spec=ShardSpec(grid={[(x=2;y=4) - (x=5;y=7)]};shape={128; 2048};orientation=ShardOrientation::ROW_MAJOR;halo=0;mode=ShardMode::PHYSICAL;physical_shard_shape=std::nullopt))'; 'scalar': 'std::nullopt'},HiFi4,64,,19746224449,19749326971,3102522,15232253979271,15232254124140,578979478,144869,144288,143963,142876,143567,143472,143917,,,,1,1,2048,2048,TILE,BFLOAT16,DEV_0_L1_INTERLEAVED,1,1,2048,2048,TILE,BFLOAT16,DEV_0_L1_INTERLEAVED,1,1,2048,2048,TILE,BFLOAT16,DEV_0_L1_HEIGHT_SHARDED,,,,['ttnn/cpp/ttnn/operations/eltwise/binary/device/kernels/compute/eltwise_binary_kernel.cpp'],['eltwise_binary_kernel/260400332086407948/'],['ttnn/cpp/ttnn/operations/eltwise/binary/device/kernels/dataflow/reader_binary_interleaved_start_id.cpp'; 'ttnn/cpp/ttnn/operations/eltwise/unary/device/kernels/dataflow/writer_unary_interleaved_start_id.cpp'],['reader_binary_interleaved_start_id/7102356031933761011/'; 'writer_unary_interleaved_start_id/3580762451362578065/'],1941,1941,1,[4321.796875; 4321.796875],[4321.796875],363671,1140247
BinaryDeviceOperation,tt_dnn_device,29,0,{'activations': 'std::nullopt'; 'binary_op_type': 'BinaryOpType::ADD'; 'compute_kernel_config': 'std::nullopt'; 'dtype': 'DataType::BFLOAT16'; 'input_tensor_a_activation': 'std::nullopt'; 'memory_config': 'MemoryConfig(memory_layout=TensorMemoryLayout::HEIGHT_SHARDED;buffer_type=BufferType::L1;shard_spec=ShardSpec(grid={[(x=3;y=0) - (x=6;y=3)]};shape={128; 2048};orientation=ShardOrientation::ROW_MAJOR;halo=0;mode=ShardMode::PHYSICAL;physical_shard_shape=std::nullopt))'; 'scalar': 'std::nullopt'},HiFi4,64,,20337809451,20340979960,3170509,15232837105861,15232837248874,582981721,143013,142432,142103,141047,141725,141635,142067,,,,1,1,2048,2048,TILE,BFLOAT16,DEV_0_L1_INTERLEAVED,1,1,2048,2048,TILE,BFLOAT16,DEV_0_L1_INTERLEAVED,1,1,2048,2048,TILE,BFLOAT16,DEV_0_L1_HEIGHT_SHARDED,,,,['ttnn/cpp/ttnn/operations/eltwise/binary/device/kernels/compute/eltwise_binary_kernel.cpp'],['eltwise_binary_kernel/260400332086407948/'],['ttnn/cpp/ttnn/operations/eltwise/binary/device/kernels/dataflow/reader_binary_interleaved_start_id.cpp'; 'ttnn/cpp/ttnn/operations/eltwise/unary/device/kernels/dataflow/writer_unary_interleaved_start_id.cpp'],['reader_binary_interleaved_start_id/7102356031933761011/'; 'writer_unary_interleaved_start_id/3580762451362578065/'],1941,1941,1,[4321.796875; 4321.796875],[4321.796875],312275,1112114
BinaryDeviceOperation,tt_dnn_device,30,0,{'activations': 'std::nullopt'; 'binary_op_type': 'BinaryOpType::ADD'; 'compute_kernel_config': 'std::nullopt'; 'dtype': 'DataType::BFLOAT16'; 'input_tensor_a_activation': 'std::nullopt'; 'memory_config': 'MemoryConfig(memory_layout=TensorMemoryLayout::HEIGHT_SHARDED;buffer_type=BufferType::L1;shard_spec=ShardSpec(grid={[(x=3;y=1) - (x=6;y=4)]};shape={128; 2048};orientation=ShardOrientation::ROW_MAJOR;halo=0;mode=ShardMode::PHYSICAL;physical_shard_shape=std::nullopt))'; 'scalar': 'std::nullopt'},HiFi4,64,,20927848516,20930624426,2775910,15233418223938,15233418366174,580975064,142236,141656,141329,140244,140941,140840,141268,,,,1,1,2048,2048,TILE,BFLOAT16,DEV_0_L1_INTERLEAVED,1,1,2048,2048,TILE,BFLOAT16,DEV_0_L1_INTERLEAVED,1,1,2048,2048,TILE,BFLOAT16,DEV_0_L1_HEIGHT_SHARDED,,,,['ttnn/cpp/ttnn/operations/eltwise/binary/device/kernels/compute/eltwise_binary_kernel.cpp'],['eltwise_binary_kernel/260400332086407948/'],['ttnn/cpp/ttnn/operations/eltwise/binary/device/kernels/dataflow/reader_binary_interleaved_start_id.cpp'; 'ttnn/cpp/ttnn/operations/eltwise/unary/device/kernels/dataflow/writer_unary_interleaved_start_id.cpp'],['reader_binary_interleaved_start_id/7102356031933761011/'; 'writer_unary_interleaved_start_id/3580762451362578065/'],1941,1941,1,[4321.796875; 4321.796875],[4321.796875],326853,1124937
BinaryDeviceOperation,tt_dnn_device,31,0,{'activations': 'std::nullopt'; 'binary_op_type': 'BinaryOpType::ADD'; 'compute_kernel_config': 'std::nullopt'; 'dtype': 'DataType::BFLOAT16'; 'input_tensor_a_activation': 'std::nullopt'; 'memory_config': 'MemoryConfig(memory_layout=TensorMemoryLayout::HEIGHT_SHARDED;buffer_type=BufferType::L1;shard_spec=ShardSpec(grid={[(x=3;y=2) - (x=6;y=5)]};shape={128; 2048};orientation=ShardOrientation::ROW_MAJOR;halo=0;mode=ShardMode::PHYSICAL;physical_shard_shape=std::nullopt))'; 'scalar': 'std::nullopt'},HiFi4,64,,21519581055,21522332449,2751394,15234001411059,15234001553830,583044885,142771,142188,141847,140795,141483,141391,141833,,,,1,1,2048,2048,TILE,BFLOAT16,DEV_0_L1_INTERLEAVED,1,1,2048,2048,TILE,BFLOAT16,DEV_0_L1_INTERLEAVED,1,1,2048,2048,TILE,BFLOAT16,DEV_0_L1_HEIGHT_SHARDED,,,,['ttnn/cpp/ttnn/operations/eltwise/binary/device/kernels/compute/eltwise_binary_kernel.cpp'],['eltwise_binary_kernel/260400332086407948/'],['ttnn/cpp/ttnn/operations/eltwise/binary/device/kernels/dataflow/reader_binary_interleaved_start_id.cpp'; 'ttnn/cpp/ttnn/operations/eltwise/unary/device/kernels/dataflow/writer_unary_interleaved_start_id.cpp'],['reader_binary_interleaved_start_id/7102356031933761011/'; 'writer_unary_interleaved_start_id/3580762451362578065/'],1941,1941,1,[4321.796875; 4321.796875],[4321.796875],350025,1127341
BinaryDeviceOperation,tt_dnn_device,32,0,{'activations': 'std::nullopt'; 'binary_op_type': 'BinaryOpType::ADD'; 'compute_kernel_config': 'std::nullopt'; 'dtype': 'DataType::BFLOAT16'; 'input_tensor_a_activation': 'std::nullopt'; 'memory_config': 'MemoryConfig(memory_layout=TensorMemoryLayout::HEIGHT_SHARDED;buffer_type=BufferType::L1;shard_spec=ShardSpec(grid={[(x=3;y=3) - (x=6;y=6)]};shape={128; 2048};orientation=ShardOrientation::ROW_MAJOR;halo=0;mode=ShardMode::PHYSICAL;physical_shard_shape=std::nullopt))'; 'scalar': 'std::nullopt'},HiFi4,64,,22107510949,22110149081,2638132,15234580700244,15234580841968,579146414,141724,141149,140814,139719,140425,140321,140755,,,,1,1,2048,2048,TILE,BFLOAT16,DEV_0_L1_INTERLEAVED,1,1,2048,2048,TILE,BFLOAT16,DEV_0_L1_INTERLEAVED,1,1,2048,2048,TILE,BFLOAT16,DEV_0_L1_HEIGHT_SHARDED,,,,['ttnn/cpp/ttnn/operations/eltwise/binary/device/kernels/compute/eltwise_binary_kernel.cpp'],['eltwise_binary_kernel/260400332086407948/'],['ttnn/cpp/ttnn/operations/eltwise/binary/device/kernels/dataflow/reader_binary_interleaved_start_id.cpp'; 'ttnn/cpp/ttnn/operations/eltwise/unary/device/kernels/dataflow/writer_unary_interleaved_start_id.cpp'],['reader_binary_interleaved_start_id/7102356031933761011/'; 'writer_unary_interleaved_start_id/3580762451362578065/'],1941,1941,1,[4321.796875; 4321.796875],[4321.796875],238797,1178297
BinaryDeviceOperation,tt_dnn_device,33,0,{'activations': 'std::nullopt'; 'binary_op_type': 'BinaryOpType::ADD'; 'compute_kernel_config': 'std::nullopt'; 'dtype': 'DataType::BFLOAT16'; 'input_tensor_a_activation': 'std::nullopt'; 'memory_config': 'MemoryConfig(memory_layout=TensorMemoryLayout::HEIGHT_SHARDED;buffer_type=BufferType::L1;shard_spec=ShardSpec(grid={[(x=3;y=4) - (x=6;y=7)]};shape={128; 2048};orientation=ShardOrientation::ROW_MAJOR;halo=0;mode=ShardMode::PHYSICAL;physical_shard_shape=std::nullopt))'; 'scalar': 'std::nullopt'},HiFi4,64,,22698610011,22701764300,3154289,15235163633794,15235163777901,582791826,144107,143528,143187,142134,142817,142731,143152,,,,1,1,2048,2048,TILE,BFLOAT16,DEV_0_L1_INTERLEAVED,1,1,2048,2048,TILE,BFLOAT16,DEV_0_L1_INTERLEAVED,1,1,2048,2048,TILE,BFLOAT16,DEV_0_L1_HEIGHT_SHARDED,,,,['ttnn/cpp/ttnn/operations/eltwise/binary/device/kernels/compute/eltwise_binary_kernel.cpp'],['eltwise_binary_kernel/260400332086407948/'],['ttnn/cpp/ttnn/operations/eltwise/binary/device/kernels/dataflow/reader_binary_interleaved_start_id.cpp'; 'ttnn/cpp/ttnn/operations/eltwise/unary/device/kernels/dataflow/writer_unary_interleaved_start_id.cpp'],['reader_binary_interleaved_start_id/7102356031933761011/'; 'writer_unary_interleaved_start_id/3580762451362578065/'],1941,1941,1,[4321.796875; 4321.796875],[4321.796875],326391,1225205
BinaryDeviceOperation,tt_dnn_device,34,0,{'activations': 'std::nullopt'; 'binary_op_type': 'BinaryOpType::ADD'; 'compute_kernel_config': 'std::nullopt'; 'dtype': 'DataType::BFLOAT16'; 'input_tensor_a_activation': 'std::nullopt'; 'memory_config': 'MemoryConfig(memory_layout=TensorMemoryLayout::HEIGHT_SHARDED;buffer_type=BufferType::L1;shard_spec=ShardSpec(grid={[(x=4;y=0) - (x=7;y=3)]};shape={128; 2048};orientation=ShardOrientation::ROW_MAJOR;halo=0;mode=ShardMode::PHYSICAL;physical_shard_shape=std::nullopt))'; 'scalar': 'std::nullopt'},HiFi4,64,,23292474413,23295256845,2782432,15235748616635,15235748757161,584838734,140526,139943,139612,138510,139199,139111,139551,,,,1,1,2048,2048,TILE,BFLOAT16,DEV_0_L1_INTERLEAVED,1,1,2048,2048,TILE,BFLOAT16,DEV_0_L1_INTERLEAVED,1,1,2048,2048,TILE,BFLOAT16,DEV_0_L1_HEIGHT_SHARDED,,,,['ttnn/cpp/ttnn/operations/eltwise/binary/device/kernels/compute/eltwise_binary_kernel.cpp'],['eltwise_binary_kernel/260400332086407948/'],['ttnn/cpp/ttnn/operations/eltwise/binary/device/kernels/dataflow/reader_binary_interleaved_start_id.cpp'; 'ttnn/cpp/ttnn/operations/eltwise/unary/device/kernels/dataflow/writer_unary_interleaved_start_id.cpp'],['reader_binary_interleaved_start_id/7102356031933761011/'; 'writer_unary_interleaved_start_id/3580762451362578065/'],1941,1941,1,[4321.796875; 4321.796875],[4321.796875],318567,1133223
BinaryDeviceOperation,tt_dnn_device,35,0,{'activations': 'std::nullopt'; 'binary_op_type': 'BinaryOpType::ADD'; 'compute_kernel_config': 'std::nullopt'; 'dtype': 'DataType::BFLOAT16'; 'input_tensor_a_activation': 'std::nullopt'; 'memory_config': 'MemoryConfig(memory_layout=TensorMemoryLayout::HEIGHT_SHARDED;buffer_type=BufferType::L1;shard_spec=ShardSpec(grid={[(x=4;y=1) - (x=7;y=4)]};shape={128; 2048};orientation=ShardOrientation::ROW_MAJOR;halo=0;mode=ShardMode::PHYSICAL;physical_shard_shape=std::nullopt))'; 'scalar': 'std::nullopt'},HiFi4,64,,23886039904,23888734321,2694417,15236333503783,15236333645357,584746622,141574,140997,140665,139613,140282,140200,140631,,,,1,1,2048,2048,TILE,BFLOAT16,DEV_0_L1_INTERLEAVED,1,1,2048,2048,TILE,BFLOAT16,DEV_0_L1_INTERLEAVED,1,1,2048,2048,TILE,BFLOAT16,DEV_0_L1_HEIGHT_SHARDED,,,,['ttnn/cpp/ttnn/operations/eltwise/binary/device/kernels/compute/eltwise_binary_kernel.cpp'],['eltwise_binary_kernel/260400332086407948/'],['ttnn/cpp/ttnn/operations/eltwise/binary/device/kernels/dataflow/reader_binary_interleaved_start_id.cpp'; 'ttnn/cpp/ttnn/operations/eltwise/unary/device/kernels/dataflow/writer_unary_interleaved_start_id.cpp'],['reader_binary_interleaved_start_id/7102356031933761011/'; 'writer_unary_interleaved_start_id/3580762451362578065/'],1941,1941,1,[4321.796875; 4321.796875],[4321.796875],303147,1122572
BinaryDeviceOperation,tt_dnn_device,36,0,{'activations': 'std::nullopt'; 'binary_op_type': 'BinaryOpType::ADD'; 'compute_kernel_config': 'std::nullopt'; 'dtype': 'DataType::BFLOAT16'; 'input_tensor_a_activation': 'std::nullopt'; 'memory_config': 'MemoryConfig(memory_layout=TensorMemoryLayout::HEIGHT_SHARDED;buffer_type=BufferType::L1;shard_spec=ShardSpec(grid={[(x=4;y=2) - (x=7;y=5)]};shape={128; 2048};orientation=ShardOrientation::ROW_MAJOR;halo=0;mode=ShardMode::PHYSICAL;physical_shard_shape=std::nullopt))'; 'scalar': 'std::nullopt'},HiFi4,64,,24479284214,24490598939,11314725,15236926599989,15236926739956,592954632,139967,139380,139043,137969,138681,138575,139010,,,,1,1,2048,2048,TILE,BFLOAT16,DEV_0_L1_INTERLEAVED,1,1,2048,2048,TILE,BFLOAT16,DEV_0_L1_INTERLEAVED,1,1,2048,2048,TILE,BFLOAT16,DEV_0_L1_HEIGHT_SHARDED,,,,['ttnn/cpp/ttnn/operations/eltwise/binary/device/kernels/compute/eltwise_binary_kernel.cpp'],['eltwise_binary_kernel/260400332086407948/'],['ttnn/cpp/ttnn/operations/eltwise/binary/device/kernels/dataflow/reader_binary_interleaved_start_id.cpp'; 'ttnn/cpp/ttnn/operations/eltwise/unary/device/kernels/dataflow/writer_unary_interleaved_start_id.cpp'],['reader_binary_interleaved_start_id/7102356031933761011/'; 'writer_unary_interleaved_start_id/3580762451362578065/'],1941,1941,1,[4321.796875; 4321.796875],[4321.796875],261640,1132732
BinaryDeviceOperation,tt_dnn_device,37,0,{'activations': 'std::nullopt'; 'binary_op_type': 'BinaryOpType::ADD'; 'compute_kernel_config': 'std::nullopt'; 'dtype': 'DataType::BFLOAT16'; 'input_tensor_a_activation': 'std::nullopt'; 'memory_config': 'MemoryConfig(memory_layout=TensorMemoryLayout::HEIGHT_SHARDED;buffer_type=BufferType::L1;shard_spec=ShardSpec(grid={[(x=4;y=3) - (x=7;y=6)]};shape={128; 2048};orientation=ShardOrientation::ROW_MAJOR;halo=0;mode=ShardMode::PHYSICAL;physical_shard_shape=std::nullopt))'; 'scalar': 'std::nullopt'},HiFi4,64,,25079866670,25083096631,3229961,15237510359032,15237510499948,583619076,140916,140336,140009,138900,139598,139507,139965,,,,1,1,2048,2048,TILE,BFLOAT16,DEV_0_L1_INTERLEAVED,1,1,2048,2048,TILE,BFLOAT16,DEV_0_L1_INTERLEAVED,1,1,2048,2048,TILE,BFLOAT16,DEV_0_L1_HEIGHT_SHARDED,,,,['ttnn/cpp/ttnn/operations/eltwise/binary/device/kernels/compute/eltwise_binary_kernel.cpp'],['eltwise_binary_kernel/260400332086407948/'],['ttnn/cpp/ttnn/operations/eltwise/binary/device/kernels/dataflow/reader_binary_interleaved_start_id.cpp'; 'ttnn/cpp/ttnn/operations/eltwise/unary/device/kernels/dataflow/writer_unary_interleaved_start_id.cpp'],['reader_binary_interleaved_start_id/7102356031933761011/'; 'writer_unary_interleaved_start_id/3580762451362578065/'],1941,1941,1,[4321.796875; 4321.796875],[4321.796875],315521,1109648
BinaryDeviceOperation,tt_dnn_device,38,0,{'activations': 'std::nullopt'; 'binary_op_type': 'BinaryOpType::ADD'; 'compute_kernel_config': 'std::nullopt'; 'dtype': 'DataType::BFLOAT16'; 'input_tensor_a_activation': 'std::nullopt'; 'memory_config': 'MemoryConfig(memory_layout=TensorMemoryLayout::HEIGHT_SHARDED;buffer_type=BufferType::L1;shard_spec=ShardSpec(grid={[(x=4;y=4) - (x=7;y=7)]};shape={128; 2048};orientation=ShardOrientation::ROW_MAJOR;halo=0;mode=ShardMode::PHYSICAL;physical_shard_shape=std::nullopt))'; 'scalar': 'std::nullopt'},HiFi4,64,,25662345624,25665116815,2771191,15238084102474,15238084243338,573602526,140864,140283,139950,138868,139545,139462,139899,,,,1,1,2048,2048,TILE,BFLOAT16,DEV_0_L1_INTERLEAVED,1,1,2048,2048,TILE,BFLOAT16,DEV_0_L1_INTERLEAVED,1,1,2048,2048,TILE,BFLOAT16,DEV_0_L1_HEIGHT_SHARDED,,,,['ttnn/cpp/ttnn/operations/eltwise/binary/device/kernels/compute/eltwise_binary_kernel.cpp'],['eltwise_binary_kernel/260400332086407948/'],['ttnn/cpp/ttnn/operations/eltwise/binary/device/kernels/dataflow/reader_binary_interleaved_start_id.cpp'; 'ttnn/cpp/ttnn/operations/eltwise/unary/device/kernels/dataflow/writer_unary_interleaved_start_id.cpp'],['reader_binary_interleaved_start_id/7102356031933761011/'; 'writer_unary_interleaved_start_id/3580762451362578065/'],1941,1941,1,[4321.796875; 4321.796875],[4321.796875],336932,18534
